id_beer;beer_name;brewery_name;country;style;abv;;;Belgian and French Ale (Belgian-Style Dark Strong Ale)
1;Grimbergen Blonde;Brouwerij Alken-Maes;Belgium;null (null);6,7;;;Belgian and French Ale (Belgian-Style Dubbel)
2;Lucifer;Brouwerij Liefmans;Belgium;null (null);8,5;;;Belgian and French Ale (Belgian-Style Fruit Lambic)
3;Bitter;Ridgeway Brewing;United Kingdom;null (null);4;;;Belgian and French Ale (Belgian-Style Pale Strong Ale)
4;Winter Warmer;Youngs & Company Brewery;England;British Ale (Old Ale);5,2;;;Belgian and French Ale (Belgian-Style Quadrupel)
5;Winter Welcome 2007-2008;Samuel Smith Old Brewery (Tadcaster);United Kingdom;null (null);6;;;Belgian and French Ale (Belgian-Style Tripel)
6;Oatmeal Stout;Samuel Smith Old Brewery (Tadcaster);United Kingdom;North American Ale (American-Style Stout);5;;;Belgian and French Ale (Belgian-Style White)
7;Hitachino Nest Real Ginger Brew;Kiuchi Shuzou Goushi Kaisya;Japan;null (null);7;;;Belgian and French Ale (French & Belgian-Style Saison)
8;Imperial Stout;Samuel Smith Old Brewery (Tadcaster);United Kingdom;North American Ale (American-Style Stout);7;;;Belgian and French Ale (Other Belgian-Style Ales)
9;Ultrablonde;Brasserie d'Ecaussinnes;Belgium;null (null);8;;;British Ale (Classic English-Style Pale Ale)
10;Wiesen Edel Weisse;Private Weissbierbrauerei G, Schneider & Sohn GmbH;Germany;German Ale (South German-Style Hefeweizen);6,2;;;British Ale (English-Style Dark Mild Ale)
11;Framboise;Brasserie La Choulette;France;null (null);6;;;British Ale (English-Style India Pale Ale)
12;Full Moon Winter Ale;Molson Breweries of Canada;Canada;Belgian and French Ale (Other Belgian-Style Ales);5,6;;;British Ale (English-Style Pale Mild Ale)
13;Jenlain Blonde;Brasserie Duyck;France;null (null);7,5;;;British Ale (Extra Special Bitter)
14;Blonde;Brasserie La Choulette;France;null (null);7,5;;;British Ale (Oatmeal Stout)
15;Flemish Primitive Wild Ale (Demon Fish);De Proef Brouwerij;Belgium;null (null);9;;;British Ale (Old Ale)
16;Witkap-Pater Tripel;Brouwerij Slaghmuylder;Belgium;null (null);7,5;;;British Ale (Ordinary Bitter)
17;Canaster Winter Scotch;Kleinbrouwerij de Glazen Toren;Belgium;null (null);8,7;;;British Ale (Scotch Ale)
18;16;Unibroue;Canada;null (null);10;;;British Ale (Scottish-Style Light Ale)
19;Quelque Chose;Unibroue;Canada;Belgian and French Ale (Belgian-Style Fruit Lambic);8;;;British Ale (Special Bitter or Best Bitter)
20;Kriek;Brouwerij De Ranke;Belgium;null (null);7;;;British Ale (Sweet Stout)
21;Flemish Primitive Wild Ale (Pin Head);De Proef Brouwerij;Belgium;null (null);9;;;German Ale (German-Style Brown Ale/Altbier)
22;Zinnebir Xmas;Brasserie de la Senne;Belgium;null (null);6,6;;;German Ale (South German-Style Hefeweizen)
23;Saison Imperiale;De Proef Brouwerij;Belgium;null (null);8,5;;;German Ale (South German-Style Weizenbock)
24;La Moneuse;Brasserie de Blaugies;Belgium;null (null);8;;;German Lager (German-Style Doppelbock)
25;Equinox Dark Belgian Winter;Brasserie de la Senne;Belgium;null (null);8;;;German Lager (German-Style Oktoberfest)
26;Serafijn Christmas Angel;Microbrouwerij Achilles;Belgium;null (null);8;;;German Lager (German-Style Pilsener)
27;Twelve Days;Hook Norton Brewery;United Kingdom;North American Ale (American-Style Stout);5,5;;;German Lager (German-Style Schwarzbier)
28;Seriously Bad Elf;Ridgeway Brewing;United Kingdom;null (null);9;;;German Lager (Traditional German-Style Bock)
29;God Jul - Winter Ale;NÃ¸gne Ã˜ - Det KompromisslÃ¸se Bryggeri A;Norway;North American Ale (American-Style Stout);8,5;;;Irish Ale (Classic Irish-Style Dry Stout)
30;Petrus Oud Bruin;Brouwerij Bavik - De Brabandere;Belgium;null (null);5,5;;;Irish Ale (Foreign  (Export)-Style Stout)
31;Petrus Gouden Tripel Ale;Brouwerij Bavik - De Brabandere;Belgium;null (null);7,5;;;Irish Ale (Irish-Style Red Ale)
32;Petrus Blond Ale;Brouwerij Bavik - De Brabandere;Belgium;null (null);6,6;;;Irish Ale (Porter)
33;Petrus Dubbel Bruin Ale;Brouwerij Bavik - De Brabandere;Belgium;Belgian and French Ale (Belgian-Style Dubbel);6,5;;;North American Ale (American-Style Amber/Red Ale)
34;Petrus Speciale;Brouwerij Bavik - De Brabandere;Belgium;North American Ale (American-Style Pale Ale);5,5;;;North American Ale (American-Style Barley Wine Ale)
35;Weizengold Hefefein;Stieglbrauerei zu Salzburg GmbH;Austria;German Ale (South German-Style Hefeweizen);5,1;;;North American Ale (American-Style Brown Ale)
36;OSB Premium Ale;Tomos Watkin and Sons Ltd,;United Kingdom;null (null);4,5;;;North American Ale (American-Style Imperial Stout)
37;Morocco Ale;Daleside Brewery;United Kingdom;null (null);5,5;;;North American Ale (American-Style India Pale Ale)
38;Winter Ale;St Peter's Brewery;United Kingdom;British Ale (Old Ale);6,3;;;North American Ale (American-Style Pale Ale)
39;Lump of Coal Dark Holiday Stout;Ridgeway Brewing;United Kingdom;North American Ale (American-Style Stout);8;;;North American Ale (American-Style Stout)
40;Warm Welcome Nut Browned Ale;Ridgeway Brewing;United Kingdom;North American Ale (American-Style Brown Ale);6;;;North American Ale (American-Style Strong Pale Ale)
41;Pendle Witches Brew;Moorhouse's Brewery (Burnley);United Kingdom;North American Ale (American-Style Pale Ale);5,1;;;North American Ale (Dark American-Belgo-Style Ale)
42;Carnegie Stark-Porter;Carlsberg Sverige AB;Sweden;Irish Ale (Porter);5,5;;;North American Ale (Golden or Blonde Ale)
43;Harvest Ale 2002;JW Lees and Co (Brewers) Ltd,;United Kingdom;British Ale (Old Ale);11,5;;;North American Ale (Imperial or Double India Pale Ale)
44;Adriaan;Haarlems Biergenootschap Jopen;Netherlands;null (null);5;;;North American Lager (American-Style Lager)
45;Leute Bok Bier;Brouwerij Van Steenberge;Belgium;German Lager (Traditional German-Style Bock);7,5;;;North American Lager (American-Style Light Lager)
46;Tikka Gold;Brouwerij Van Steenberge;Belgium;North American Ale (American-Style Pale Ale);5;;;null (null)
47;La Divine Double Blond;Brasserie de Silly;Belgium;null (null);7,5;;;Other Lager (Baltic-Style Porter)
48;La Divine Tripel Amber;Brasserie de Silly;Belgium;null (null);9;;;Other Style (American-Style Cream Ale or Lager)
49;Ename Tripel;Brouwerij Roman;Belgium;null (null);8,5;;;Other Style (Fruit Beer)
50;Oktoberfest Weizen;Privatbrauerei Erdinger Weissbru;Germany;null (null);5,7;;;Other Style (Herb and Spice Beer)
51;Dark Ale;Coopers Brewery;Australia;British Ale (English-Style Pale Mild Ale);4,5;;;Other Style (Light American Wheat Ale or Lager)
52;Saison Vielle Provision;Brasserie Dupont;Belgium;null (null);6,5;;;Other Style (Out of Category)
53;Summer Lightning;Hop Back Brewery;United Kingdom;null (null);5;;;Other Style (Winter Warmer)
54;Yeti Special Export;Yuksom Breweries;India;North American Lager (American-Style Lager);7;;;
55;Hitachino Nest Espresso Stout;Kiuchi Shuzou Goushi Kaisya;Japan;null (null);7,5;;;
56;Witte;De Struise Brouwers;Belgium;null (null);5;;;
57;Slaapmutske Triple Nightcap;De Proef Brouwerij;Belgium;null (null);8,1;;;
58;Kerst Pater Special Christmas Beer;Brouwerij Van Den Bossche;Belgium;null (null);9;;;
59;Zoetzuur Flemish Ale;De Proef Brouwerij;Belgium;null (null);7;;;
60;Strange Ghost;Brasserie Fantme;Belgium;null (null);8;;;
61;Podge Belgian Imperial Stout;Alvinne Picobrouwerij;Belgium;North American Ale (American-Style Stout);10,5;;;
62;Okocim Porter;Browar Okocim;Poland;Irish Ale (Porter);8,3;;;
63;1809;Doemens e,V,;Germany;null (null);5;;;
64;Pannepot;De Struise Brouwers;Belgium;null (null);10;;;
65;Gavroche French Red Ale;Brasserie De Saint Sylvestre;France;null (null);8,5;;;
66;Beer Geek Breakfast;Mikkeller;Denmark;North American Ale (American-Style Imperial Stout);7,5;;;
67;Flemish Primitive Wild Ale (Spoon Whacker);De Proef Brouwerij;Belgium;null (null);9;;;
68;Extra Strong Vintage Ale;Coopers Brewery;Australia;null (null);7,5;;;
69;Tanners Jack;Morland and Co,;United Kingdom;null (null);4,4;;;
70;NÃ¸gne Ã˜ Brown Ale;NÃ¸gne Ã˜ - Det KompromisslÃ¸se Bryggeri A;Norway;North American Ale (American-Style Brown Ale);4,5;;;
71;Winter;Brasserie de l'Abbaye Val-Dieu;Belgium;null (null);10,5;;;
72;Harvest Ale 2006;JW Lees and Co (Brewers) Ltd,;United Kingdom;British Ale (Old Ale);11,6;;;
73;Schwarzbier / Dunkel;Einbecker Brauhaus AG;Germany;German Lager (German-Style Schwarzbier);4,9;;;
74;Grand Cru;Brasserie De L'Abbaye Des Rocs;Belgium;null (null);9,5;;;
75;Der Weisse Bock;Bamberger Mahr's-Bru;Germany;German Ale (South German-Style Weizenbock);8,5;;;
76;Grotten Flemish Ale;Brouwerij St, Bernardus;Belgium;Belgian and French Ale (Other Belgian-Style Ales);7,7;;;
77;Golden Ale;St Peter's Brewery;United Kingdom;null (null);4,7;;;
78;Ambree;Brasserie De L'Abbaye Des Rocs;Belgium;null (null);9;;;
79;Pater 6;Brouwerij St, Bernardus;Belgium;Belgian and French Ale (Belgian-Style Dubbel);6,7;;;
80;Blanche de Namur;Brasserie du Bocq;Belgium;null (null);4,5;;;
81;Blanche Double;Brasserie De L'Abbaye Des Rocs;Belgium;null (null);6;;;
82;Lia Fail Stone of Destiny Ale;Inveralmond Brewery;United Kingdom;null (null);4,7;;;
83;Premium XB Bluebird Bitter;Coniston Brewing;United Kingdom;null (null);4,4;;;
84;IPA;Ridgeway Brewing;United Kingdom;North American Ale (American-Style India Pale Ale);5,5;;;
85;Houblon;Brasserie D'Achouffe;Belgium;null (null);9;;;
86;Premium Pils Edelherb;Kulmbacher Brauerei AG;Germany;null (null);4,9;;;
87;Gose;Gasthaus & Gosebrauerei Bayerischer Bahnhof;Germany;null (null);4,6;;;
88;Pils;Spaten-Franziskaner-BrÃ¤u;Germany;null (null);5;;;
89;New;Tooheys;Australia;North American Lager (American-Style Lager);4,6;;;
90;Porter;Bryggeriet lfabrikken;Denmark;Irish Ale (Porter);8;;;
91;NÃ¸gne Ã˜ Imperial Stout;NÃ¸gne Ã˜ - Det KompromisslÃ¸se Bryggeri A;Norway;North American Ale (American-Style Imperial Stout);9;;;
92;NÃ¸gne Ã˜ Porter;NÃ¸gne Ã˜ - Det KompromisslÃ¸se Bryggeri A;Norway;Irish Ale (Porter);7;;;
93;NÃ¸gne Ã˜ Pale Ale;NÃ¸gne Ã˜ - Det KompromisslÃ¸se Bryggeri A;Norway;North American Ale (American-Style Pale Ale);6;;;
94;Warka Strong;Browar Warka;Poland;North American Lager (American-Style Lager);7;;;
95;Harvest Ale 2005 (Whisky);JW Lees and Co (Brewers) Ltd,;United Kingdom;null (null);11,5;;;
96;Harvest Ale 2005 (Calvados);JW Lees and Co (Brewers) Ltd,;United Kingdom;null (null);11,5;;;
97;Harvest Ale 2005 (Sherry);JW Lees and Co (Brewers) Ltd,;United Kingdom;null (null);11,5;;;
98;Amber;Brasserie La Caracole;Belgium;null (null);8;;;
99;Blanche des Moines;Brasserie du Bocq;Belgium;null (null);4,5;;;
100;Triple Moine;Brasserie du Bocq;Belgium;null (null);7,2;;;
101;Arabier;Brouwerij De Dolle Brouwers;Belgium;Belgian and French Ale (Belgian-Style Pale Strong Ale);9;;;
102;Bos Keun;Brouwerij De Dolle Brouwers;Belgium;Belgian and French Ale (Belgian-Style Pale Strong Ale);8,9;;;
103;Grand Cru;Brasserie de l'Abbaye Val-Dieu;Belgium;null (null);10,5;;;
104;Oerbier;Brouwerij De Dolle Brouwers;Belgium;null (null);7,5;;;
105;Dulle Teve / Mad Bitch;Brouwerij De Dolle Brouwers;Belgium;null (null);10;;;
106;Gouden Carolus Tripel;Brouwerij Het Anker;Belgium;null (null);9;;;
107;Gouden Carolus Ambrio 1471;Brouwerij Het Anker;Belgium;null (null);8;;;
108;Pauwel Kwak;Brouwerij Bosteels;Belgium;null (null);8;;;
109;Delirium NoÃ«l;Brouwerij Huyghe;Belgium;Belgian and French Ale (Other Belgian-Style Ales);10;;;
110;Rochefort 10;Abbaye Notre Dame du St Remy;Belgium;Belgian and French Ale (Belgian-Style Quadrupel);11,3;;;
111;McChouffe;Brasserie D'Achouffe;Belgium;North American Ale (Dark American-Belgo-Style Ale);8,5;;;
112;La Chouffe Golden Ale;Brasserie D'Achouffe;Belgium;Belgian and French Ale (Belgian-Style Pale Strong Ale);8;;;
113;Saison Voisin;Brasserie des Gants;Belgium;null (null);5;;;
114;Quadrupel;Bierbrouwerij De Koningshoeven;Netherlands;null (null);10;;;
115;Tripel;Bierbrouwerij De Koningshoeven;Netherlands;null (null);8;;;
116;Dubbel;Bierbrouwerij De Koningshoeven;Netherlands;null (null);7;;;
117;Old Growler;Nethergate Brewery Co Ltd;United Kingdom;Irish Ale (Porter);6,5;;;
118;Urthel Vlaemse Bock;De Leyerth Brouwerijen;Belgium;German Lager (Traditional German-Style Bock);7,5;;;
119;Watou Tripel;Brouwerij St, Bernardus;Belgium;Belgian and French Ale (Belgian-Style Tripel);7,5;;;
120;Old Engine Oil Special Reserve (aged in malt whisky casks);Harviestoun Brewery;United Kingdom;null (null);8;;;
121;EKU 28;Kulmbacher Brauerei AG;Germany;German Lager (Traditional German-Style Bock);11;;;
122;Eisbock;Kulmbacher Brauerei AG;Germany;German Lager (Traditional German-Style Bock);9,2;;;
123;Doppelbock Dunkel;Schloss Eggenberg;Austria;German Lager (German-Style Doppelbock);8,5;;;
124;Special London Ale;Youngs & Company Brewery;England;British Ale (Old Ale);6,4;;;
125;Oatmeal Stout;Youngs & Company Brewery;England;North American Ale (American-Style Stout);5,2;;;
126;Super;Birrificia Le Baladin;Italy;null (null);8;;;
127;Wayan;Birrificia Le Baladin;Italy;null (null);5,6;;;
128;Cerveza Negra;Cervecera Jerome;Argentina;North American Ale (American-Style Stout);6,5;;;
129;Cerveza Diablo;Cervecera Jerome;Argentina;North American Lager (American-Style Lager);7,5;;;
130;Cerveza Roja;Cervecera Jerome;Argentina;German Lager (German-Style Oktoberfest);6;;;
131;Buffalo Belgian Stout;Brouwerij Van Den Bossche;Belgium;null (null);9;;;
132;Rader Blonde;Brennerei-Distillerie Radermacher;Belgium;null (null);6,5;;;
133;Toleration;Hambleton Ales;United Kingdom;null (null);4,4;;;
134;Ripon Jewel Ale;Daleside Brewery;United Kingdom;North American Ale (American-Style Pale Ale);5,8;;;
135;XTra;Brasserie Thiriez;France;null (null);4,5;;;
136;Samichlaus Bier 2005;Schloss Eggenberg;Austria;German Lager (Traditional German-Style Bock);14;;;
137;Aventinus Weizen-Eisbock;Private Weissbierbrauerei G, Schneider & Sohn GmbH;Germany;German Lager (Traditional German-Style Bock);12;;;
138;Aventinus Weizenstarkbier / Doppel Weizen Bock;Private Weissbierbrauerei G, Schneider & Sohn GmbH;Germany;German Ale (South German-Style Weizenbock);8,2;;;
139;Nieuw Ligt Grand Cru 2006;Stadsbrouwerij De Hemel;Netherlands;null (null);12;;;
140;Monkey Wrench Dark Ale;Daleside Brewery;United Kingdom;Irish Ale (Porter);5,3;;;
141;Old Legover;Daleside Brewery;United Kingdom;null (null);4,1;;;
142;Twisted Thistle India Pale Ale;Belhaven Brewery;United Kingdom;North American Ale (American-Style Pale Ale);6,1;;;
143;India Pale Ale;Meantime Brewing Company Limited;United Kingdom;North American Ale (American-Style Pale Ale);7,5;;;
144;London Porter;Meantime Brewing Company Limited;United Kingdom;Irish Ale (Porter);6,5;;;
145;Hitachino Nest Celebration Ale 2006;Kiuchi Shuzou Goushi Kaisya;Japan;null (null);9;;;
146;Rubia;Cervecera Jerome;Argentina;North American Lager (American-Style Lager);6;;;
147;Mocny BOSS / BOSS Beer;BOSS Browar Witnica S,A,;Poland;North American Lager (American-Style Lager);8,1;;;
148;La Rossa;Birra Moretti;Italy;German Lager (Traditional German-Style Bock);7,2;;;
149;Lager;Cervejaria de Macau;Macao;North American Lager (American-Style Lager);4;;;
150;Hell;Bamberger Mahr's-Bru;Germany;null (null);4,9;;;
151;Pilsner;Bamberger Mahr's-Bru;Germany;null (null);4,9;;;
152;Ungespundet Lager Hefetrub;Bamberger Mahr's-Bru;Germany;null (null);5,2;;;
153;Abt 12;Brouwerij St, Bernardus;Belgium;Belgian and French Ale (Belgian-Style Quadrupel);10;;;
154;Nostradamus;Brasserie La Caracole;Belgium;null (null);9,5;;;
155;Triple;Brasserie de l'Abbaye Val-Dieu;Belgium;null (null);9;;;
156;Ultrabrune;Brasserie d'Ecaussinnes;Belgium;null (null);10;;;
157;Bah Humbug;Wychwood Brewery;United Kingdom;British Ale (Old Ale);6;;;
158;Harvest Ale 2005 (Port);JW Lees and Co (Brewers) Ltd,;United Kingdom;null (null);11,5;;;
159;Harvest Ale 2005;JW Lees and Co (Brewers) Ltd,;United Kingdom;British Ale (Old Ale);11,5;;;
160;Moonraker;JW Lees and Co (Brewers) Ltd,;United Kingdom;null (null);7,5;;;
161;Old Engine Oil;Harviestoun Brewery;United Kingdom;Irish Ale (Porter);6;;;
162;Pitchfork Rebellious Bitter;RCH Brewery;United Kingdom;null (null);4,3;;;
163;Bitter and Twisted;Harviestoun Brewery;United Kingdom;null (null);3,8;;;
164;Old Slug Porter;RCH Brewery;United Kingdom;Irish Ale (Porter);4,5;;;
165;Porter;Klosterbrauerei Neuzelle;Germany;Irish Ale (Porter);7,1;;;
166;Nightmare;Hambleton Ales;United Kingdom;Irish Ale (Porter);5;;;
167;Schlenkerla Helles Lagerbier;Heller Bru Trum;Germany;null (null);4,3;;;
168;Ondineke Oilsjtersen Tripel;Kleinbrouwerij de Glazen Toren;Belgium;null (null);8,5;;;
169;Ale Mary;RCH Brewery;United Kingdom;North American Ale (American-Style Pale Ale);6;;;
170;Jan de Lichte;Kleinbrouwerij de Glazen Toren;Belgium;null (null);7;;;
171;Rauchbier Lager;Brauerei Spezial;Germany;null (null);4,6;;;
172;Kapuziner Schwarz-Weizen;Kulmbacher Brauerei AG;Germany;null (null);5,4;;;
173;Christmas Bock;Bamberger Mahr's-Bru;Germany;German Lager (Traditional German-Style Bock);6;;;
174;Prior 8;Brouwerij St, Bernardus;Belgium;Belgian and French Ale (Belgian-Style Dubbel);8;;;
175;Old Man Ale;Coniston Brewing;United Kingdom;null (null);4,8;;;
176;Criminally Bad Elf;Ridgeway Brewing;United Kingdom;null (null);10,5;;;
177;Very Bad Elf Special Reserve Ale;Ridgeway Brewing;United Kingdom;null (null);7,5;;;
178;Weisse;Bamberger Mahr's-Bru;Germany;German Ale (South German-Style Hefeweizen);4,9;;;
179;MÃ¶nchshof Premium Schwarzbier;Kulmbacher Brauerei AG;Germany;German Lager (German-Style Schwarzbier);4,9;;;
180;Rochefort 6;Abbaye Notre Dame du St Remy;Belgium;North American Ale (Dark American-Belgo-Style Ale);7,5;;;
181;Guldenberg;Brouwerij De Ranke;Belgium;null (null);8,5;;;
182;Westmalle Trappist Tripel;Brouwerij Abdij der Trappisten van Westmalle;Belgium;Belgian and French Ale (Belgian-Style Tripel);9,5;;;
183;Curator Dunkler Doppelbock;Ettaler Klosterbetriebe Abteilung Brauerei & Destillerie;Germany;German Lager (Traditional German-Style Bock);9;;;
184;Pilsener;Flensburger Brauerei;Germany;null (null);4,8;;;
185;Nickelbier;Brauhaus Johann Albrecht - Konstanz;Germany;German Lager (Traditional German-Style Bock);6,5;;;
186;Edel-Pils;Brauerei Leibinger;Germany;null (null);4,8;;;
187;Pils;Brauereigasthof Adler;Germany;null (null);5;;;
188;Spezial;Brauereigasthof Adler;Germany;null (null);5,1;;;
189;Schwarzbier;Schussenrieder Erlebnisbrauerei;Germany;German Lager (German-Style Schwarzbier);5,3;;;
190;Pils;Schussenrieder Erlebnisbrauerei;Germany;null (null);4,9;;;
191;Rotgold-Pils;Barfer - das kleine Brauhaus;Germany;North American Lager (American-Style Lager);4,9;;;
192;Spezial;Alpirsbacher Klosterbru;Germany;null (null);5,2;;;
193;Pils;Alpirsbacher Klosterbru;Germany;null (null);4,9;;;
194;Coronator Helle Doppelbock;Brauerei & Gasthof zur Krone;Germany;German Lager (Traditional German-Style Bock);7,5;;;
195;Pickled Santa;Hop Back Brewery;United Kingdom;null (null);6;;;
196;Manchester Star Ale;JW Lees and Co (Brewers) Ltd,;United Kingdom;British Ale (Old Ale);7,3;;;
197;Moinette Brune;Brasserie Dupont;Belgium;null (null);8,5;;;
198;Chocolat;Brasserie Fantme;Belgium;null (null);8;;;
199;Huusbier Schwarz;Brauhaus Sternen;Switzerland;Irish Ale (Porter);4,5;;;
200;Weizentrumpf;Brauhaus Sternen;Switzerland;German Ale (South German-Style Hefeweizen);5,5;;;
201;Honey Brown Ale;Brauhaus Sternen;Switzerland;North American Lager (American-Style Lager);6;;;
202;Huusbier Hell;Brauhaus Sternen;Switzerland;null (null);4,6;;;
203;Gambrinus;Mohrenbrauerei August Huber;Austria;null (null);4,6;;;
204;Stout;Schlossbru;Austria;North American Ale (American-Style Stout);5;;;
205;Weizen;Schlossbru;Austria;German Ale (South German-Style Hefeweizen);5;;;
206;Spezial;Schlossbru;Austria;null (null);5,5;;;
207;Naturtrubes;Schlossbru;Austria;null (null);5,1;;;
208;Spezial;Mohrenbrauerei August Huber;Austria;null (null);5,6;;;
209;Ur-Pils;Wdi-Bru-Huus;Switzerland;null (null);5,1;;;
210;Ur-Weizen;Wdi-Bru-Huus;Switzerland;German Ale (South German-Style Hefeweizen);5;;;
211;Hanf;Wdi-Bru-Huus;Switzerland;null (null);5;;;
212;Dunkel;Wdi-Bru-Huus;Switzerland;null (null);4,8;;;
213;Hell;Wdi-Bru-Huus;Switzerland;null (null);4,8;;;
214;Blond;Wdi-Bru-Huus;Switzerland;null (null);4,8;;;
215;Dunkle Weisse;Brauerei Hrle;Germany;null (null);5,3;;;
216;Hefe-Weizen;Brauerei Leibinger;Germany;German Ale (South German-Style Hefeweizen);5,2;;;
217;Edel-Spezial;Brauerei Leibinger;Germany;null (null);5,2;;;
218;Humpis-Original Naturtrub;Edelweissbrauerei Farny;Germany;null (null);5,1;;;
219;Das Schwarze / Dark;Dinkelacker-Schwaben Bru;Germany;null (null);4,9;;;
220;Hecker Dunkel;Ruppaner-Brauerei;Germany;null (null);5,2;;;
221;Duinen Dubbel;Brouwerij Huyghe;Belgium;null (null);8;;;
222;Castelain St,Amand French Country Ale;Brasserie Bnifontaine;France;null (null);5,9;;;
223;Red Racer India Pale Ale;Central City Brewing Company;Canada;North American Ale (American-Style India Pale Ale);6,5;;;
224;India Pale Ale;Mission Springs Brewing;Canada;North American Ale (American-Style Pale Ale);5,8;;;
225;Oatmeal Stout;Mission Springs Brewing;Canada;North American Ale (American-Style Stout);6,5;;;
226;Cream Ale;Mission Springs Brewing;Canada;North American Lager (American-Style Lager);4,8;;;
227;Blonde Draft;Mission Springs Brewing;Canada;null (null);4,8;;;
228;Island Lager;Granville Island Brewing Company;Canada;North American Lager (American-Style Lager);5;;;
229;English Bay Pale Ale;Granville Island Brewing Company;Canada;North American Ale (American-Style Pale Ale);5;;;
230;Kitsilano Maple Cream Ale;Granville Island Brewing Company;Canada;North American Lager (American-Style Lager);5;;;
231;Cypress Honey Lager;Granville Island Brewing Company;Canada;North American Lager (American-Style Lager);4,7;;;
232;Marina Light Lager;Dockside Brewing;Canada;null (null);4,7;;;
233;Haupenthal Hefeweizen;Dockside Brewing;Canada;German Ale (South German-Style Hefeweizen);4,8;;;
234;Old Bridge Dark Lager;Dockside Brewing;Canada;North American Lager (American-Style Lager);5,3;;;
235;Johnston Pilsener;Dockside Brewing;Canada;null (null);4,9;;;
236;Cartwright Pale Ale;Dockside Brewing;Canada;North American Ale (American-Style Pale Ale);4,3;;;
237;15;Unibroue;Canada;null (null);10;;;
238;Kataja Olut IVB;Lammin Sahti Oy;Finland;null (null);7;;;
239;Cream Stout;St Peter's Brewery;United Kingdom;North American Ale (American-Style Stout);6,5;;;
240;Urthel Hop-It;De Leyerth Brouwerijen;Belgium;Belgian and French Ale (Other Belgian-Style Ales);9,5;;;
241;Flemish Primitive Wild Ale (Pig Nun);De Proef Brouwerij;Belgium;null (null);9;;;
242;Andelot Cuvee Diabolique;De Proef Brouwerij;Belgium;null (null);8,5;;;
243;Lozen Boer Abt;De Proef Brouwerij;Belgium;null (null);10;;;
244;Trappist Extra;Brouwerij De Achelse Kluis;Belgium;null (null);9,5;;;
245;Brune;Brasserie De L'Abbaye Des Rocs;Belgium;null (null);9,5;;;
246;Urbock 23Â°;Schloss Eggenberg;Austria;German Lager (German-Style Doppelbock);9,6;;;
247;Scaldis Prestige;Brasserie Dubuisson;Belgium;null (null);13;;;
248;Flemish Primitive Wild Ale (Surly Bird);De Proef Brouwerij;Belgium;null (null);9;;;
249;Blonde;Brasserie De L'Abbaye Des Rocs;Belgium;null (null);7,5;;;
250;St, Sebastiaan Golden;Brouwerij Sterkens;Belgium;null (null);7,7;;;
251;Pils;Brauerei Schwelm;Germany;null (null);4,7;;;
252;Hefe-Weizen;Brauerei Schwelm;Germany;German Ale (South German-Style Hefeweizen);5,2;;;
253;Xingu;Cervejaria Kaiser Brasil;Brazil;German Lager (German-Style Schwarzbier);4,7;;;
254;Winter-Traum;Klosterbrauerei Weltenburg;Germany;German Lager (German-Style Oktoberfest);5,4;;;
255;Poperings Hommel Ale;Brouwerij Van Eecke;Belgium;North American Ale (American-Style Pale Ale);7,5;;;
256;Jenlain St Druon de Sebourg;Brasserie Duyck;France;null (null);6;;;
257;Les Sans Culottes;Brasserie La Choulette;France;null (null);7;;;
258;Scaldis / Bush Amber 12%;Brasserie Dubuisson;Belgium;null (null);12;;;
259;Orval Trappist Ale;Brasserie d'Orval;Belgium;Belgian and French Ale (Other Belgian-Style Ales);6,9;;;
260;Rochefort 8;Abbaye Notre Dame du St Remy;Belgium;null (null);9,2;;;
261;Satan Red;Brouwerij De Block;Belgium;null (null);8;;;
262;Entire Stout;Hop Back Brewery;United Kingdom;North American Ale (American-Style Stout);4,5;;;
263;Ivanhoe;Ridgeway Brewing;United Kingdom;North American Ale (American-Style Pale Ale);5,2;;;
264;XX Bitter;Brouwerij De Ranke;Belgium;null (null);6;;;
265;Negra;Cervezas Alhambra;Spain;German Lager (German-Style Schwarzbier);5,4;;;
266;DoppelSticke;Uerige Obergrige Hausbrauerei;Germany;German Lager (Traditional German-Style Bock);8,5;;;
267;Sticke;Uerige Obergrige Hausbrauerei;Germany;North American Ale (American-Style Brown Ale);6;;;
268;Alt;Uerige Obergrige Hausbrauerei;Germany;North American Ale (American-Style Brown Ale);4,5;;;
269;Hitachino Nest Japanese Classic Ale;Kiuchi Shuzou Goushi Kaisya;Japan;British Ale (English-Style India Pale Ale);7;;;
270;Kasteel Bier Donker-Foncee;Brouwerij Van Honsebrouck;Belgium;null (null);11;;;
271;Urthel Samaranth Quadrium Ale;De Leyerth Brouwerijen;Belgium;null (null);11,5;;;
272;Andelot Mystique;De Proef Brouwerij;Belgium;null (null);8,5;;;
273;Andelot Angelique;De Proef Brouwerij;Belgium;null (null);7;;;
274;Andelot Euphorique;De Proef Brouwerij;Belgium;null (null);6,5;;;
275;Terrible;Unibroue;Canada;Belgian and French Ale (Other Belgian-Style Ales);10,5;;;
276;Deus Brut des Flandres;Brouwerij Bosteels;Belgium;null (null);11,5;;;
277;Avec Les Bons Voeux;Brasserie Dupont;Belgium;null (null);9,5;;;
278;Blonde;Brasserie de l'Abbaye Val-Dieu;Belgium;Belgian and French Ale (Other Belgian-Style Ales);6;;;
279;Augustinian Ale;Nethergate Brewery Co Ltd;United Kingdom;null (null);5,2;;;
280;Butty Bach;Wye Valley Brewery;United Kingdom;null (null);4,5;;;
281;De Horste Vermeer Traditional Dutch Ale;Bierbrouwerij Bavaria;Netherlands;null (null);8;;;
282;Troublette;Brasserie La Caracole;Belgium;null (null);5,5;;;
283;Blonde Tradition;Brasserie La Binchoise;Belgium;null (null);6,2;;;
284;Yeti;Brasserie des Cimes;France;null (null);8;;;
285;Brune / Brown;Brasserie de l'Abbaye Val-Dieu;Belgium;null (null);8;;;
286;1784 Anniversary Beer;vyturio Alaus Darykla;Lithuania;null (null);5,4;;;
287;Baltas Alus;vyturio Alaus Darykla;Lithuania;German Ale (South German-Style Hefeweizen);5,2;;;
288;Vichtenaar;Brouwerij Verhaeghe;Belgium;null (null);5,1;;;
289;Zatte Amsterdamse Tripel;Brouwerij 't IJ;Netherlands;null (null);8;;;
290;Asam-Bock;Klosterbrauerei Weltenburg;Germany;German Lager (Traditional German-Style Bock);6,9;;;
291;Barock-Dunkel;Klosterbrauerei Weltenburg;Germany;null (null);4,7;;;
292;St Peter's Organic Ale;St Peter's Brewery;United Kingdom;British Ale (Classic English-Style Pale Ale);4,5;;;
293;Old-Style Porter;St Peter's Brewery;United Kingdom;Irish Ale (Porter);5,1;;;
294;Cambonator Doppelbock;Allguer Brauhaus AG Kempten;Germany;German Lager (Traditional German-Style Bock);7,2;;;
295;Porter Czarny Boss / Black BOSS Porter;BOSS Browar Witnica S,A,;Poland;North American Ale (American-Style Stout);9,6;;;
296;Pilsner;Brauerei C, & A, Veltins GmbH & Co,;Germany;null (null);4,8;;;
297;Trompe La Mort;Engel Brauerei Schwbisch Gmnd Lang;Germany;German Lager (Traditional German-Style Bock);7,4;;;
298;Gueuze 1882;Brouwerij Girardin;Belgium;Belgian and French Ale (Belgian-Style Fruit Lambic);5;;;
299;Special Extra Export Stout;Brouwerij De Dolle Brouwers;Belgium;null (null);9;;;
300;Wexford Irish Cream Ale;Greene King;United Kingdom;Other Style (American-Style Cream Ale or Lager);5;;;
301;Wee Heavy;Belhaven Brewery;United Kingdom;British Ale (Scotch Ale);6,5;;;
302;Winterfestival;Allguer Brauhaus AG Kempten;Germany;German Lager (German-Style Oktoberfest);5,5;;;
303;St, Martin Doppelbock;Aktienbrauerei Kaufbeuren;Germany;German Lager (Traditional German-Style Bock);7,5;;;
304;Bayrisch Hell;Allguer Brauhaus AG Kempten;Germany;null (null);4,7;;;
305;Christmas Ale;Brewery Corsendonk;Belgium;null (null);8,5;;;
306;K-O Blond Beer;De Proef Brouwerij;Belgium;null (null);10;;;
307;Brune / Bruin;Brouwerij St-Feuillien;Belgium;null (null);7,5;;;
308;Grotten Brown;Brouwerij St, Bernardus;Belgium;North American Ale (Dark American-Belgo-Style Ale);6,7;;;
309;Wee Beast;Isle of Skye Brewing Company;United Kingdom;British Ale (Scotch Ale);7;;;
310;Bloesem Bink;Brouwerij Kerkom;Belgium;null (null);7,1;;;
311;Loterbol;Brouwerij Duysters;Belgium;null (null);8;;;
312;Trappist Westvleteren 8;Brouwerij Abdij Saint Sixtus;Belgium;Belgian and French Ale (Belgian-Style Dubbel);8;;;
313;Maibock;Staatliches HofbrÃ¤uhaus in MÃ¼nchen;Germany;German Lager (Traditional German-Style Bock);7,2;;;
314;Malheur Black Chocolate 2003;Brouwerij De Landtsheer;Belgium;null (null);12;;;
315;Hahn Special Vintage 2000;Lion Nathan Australia  Hunter Street;Australia;British Ale (Old Ale);8;;;
316;Guinness Foreign Extra;Desnoes & Geddes Ltd;Jamaica;North American Ale (American-Style Stout);6,5;;;
317;Dragonhead Stout;Orkney Brewery;United Kingdom;North American Ale (American-Style Stout);4;;;
318;Porter;Hoepfner Privatbrauerei;Germany;German Lager (German-Style Schwarzbier);5,8;;;
319;Auburn Ale;Cameron's Brewing;Canada;North American Ale (American-Style Amber/Red Ale);5;;;
320;Old 95;Emerson Brewing;New Zealand;British Ale (Old Ale);7;;;
321;Taieri George;Emerson Brewing;New Zealand;null (null);6,8;;;
322;Blackfriar;Inveralmond Brewery;United Kingdom;British Ale (Scotch Ale);7;;;
323;Rycerskie;Browar NamysÅ‚Ã³w Sp, z o,o,;Poland;German Lager (Traditional German-Style Bock);7;;;
324;Van den Vern Grand Cru;De Proef Brouwerij;Belgium;null (null);9,8;;;
325;Tripel Krullekop;De Proef Brouwerij;Belgium;null (null);9,8;;;
326;Troubadour;Brouwerij The Musketiers;Belgium;North American Ale (American-Style Pale Ale);6,5;;;
327;Saxo;Brasserie La Caracole;Belgium;null (null);8;;;
328;Millennium Brew;George Gale & Company;United Kingdom;null (null);10;;;
329;Empire India Pale Ale;Burton Bridge Brewery;United Kingdom;British Ale (English-Style India Pale Ale);7,5;;;
330;Thunder Storm;Hop Back Brewery;United Kingdom;North American Lager (American-Style Lager);5;;;
331;Hell;BÃ¼rgerbrÃ¤u Wolnzach;Germany;null (null);5,1;;;
332;Roggenbier;BÃ¼rgerbrÃ¤u Wolnzach;Germany;North American Lager (American-Style Lager);5,5;;;
333;Satan Gold;Brouwerij De Block;Belgium;null (null);8;;;
334;Geuze Boon;Brouwerij Boon;Belgium;Belgian and French Ale (Belgian-Style Fruit Lambic);6;;;
335;Samichlaus Bier 2003;Schloss Eggenberg;Austria;German Lager (Traditional German-Style Bock);14;;;
336;Porter IV;Oy Sinebrychoff AB;Finland;North American Ale (American-Style Stout);7,2;;;
337;Malheur MM;Brouwerij De Landtsheer;Belgium;null (null);10;;;
338;Doppel-Hirsch Bavarian-Doppelbock;Hirschbru Privatbrauerei Hss;Germany;German Lager (Traditional German-Style Bock);7,2;;;
339;Bavarian-Weissbier Hefeweisse / Weisser Hirsch;Hirschbru Privatbrauerei Hss;Germany;German Ale (South German-Style Hefeweizen);5,2;;;
340;Stille Nacht;Brouwerij De Dolle Brouwers;Belgium;null (null);12;;;
341;Nora;Birrificia Le Baladin;Italy;null (null);7;;;
342;Bellegems Bruin;Brouwerij Bockor;Belgium;null (null);5,5;;;
343;Porter Boom;Pivovar Pardubice a,s,;Czech Republic;Irish Ale (Porter);8;;;
344;Bajuvator Doppelbock;Tucher Bru;Germany;German Lager (Traditional German-Style Bock);7,2;;;
345;Ale;Black Sheep Brewery;United Kingdom;null (null);4,4;;;
346;Bombardier Premium Ale;Charles Wells Ltd,;United Kingdom;null (null);5,2;;;
347;Winterkoninkse;Brouwerij Kerkom;Belgium;null (null);8,3;;;
348;Gouyasse / Goliath;Brasserie des Gants;Belgium;null (null);9;;;
349;Bruin Tradition / Brune Tradition;Brasserie La Binchoise;Belgium;null (null);8,2;;;
350;Goudenband 2002;Brouwerij Liefmans;Belgium;null (null);8;;;
351;Tyskie Gronie;Tyskie Browary KsiÄ…Å¼Ä™ce;Poland;null (null);5,7;;;
352;James Squire Australian Best Ale Limited Release;Malt Shovel Brewery;Australia;null (null);6,8;;;
353;Christmas Ale;Harvey & Son (Lewes);United Kingdom;null (null);8,1;;;
354;Riggwelter Yorkshire Ale;Black Sheep Brewery;United Kingdom;null (null);5,7;;;
355;Trappist Blond;Brouwerij De Achelse Kluis;Belgium;null (null);8;;;
356;Lucifer;Liefmans Breweries;Belgium;null (null);8;;;
357;Dort;Gulpener Bierbrouwerij;Netherlands;German Lager (Traditional German-Style Bock);6,5;;;
358;Export;Alaus Darykla Kalnapilis;Lithuania;null (null);5,4;;;
359;Malteser Weissbier;Stuttgarter Hofbru;Germany;German Ale (South German-Style Hefeweizen);5;;;
360;Export Premium;Licher Privatbrauerei;Germany;null (null);5,4;;;
361;Doppelbock Dunkel;Andechser Klosterbrauerei;Germany;German Lager (Traditional German-Style Bock);7;;;
362;Urthel Novicius Vertus;De Leyerth Brouwerijen;Belgium;null (null);5,9;;;
363;Urthel Tonicum Finiboldhus;De Leyerth Brouwerijen;Belgium;null (null);7,5;;;
364;Original;LÃ¶wenbrÃ¤u Brauerei;Germany;null (null);5,2;;;
365;Schwarzbier;KÃ¶stritzer Schwarzbierbrauerei;Germany;German Lager (German-Style Schwarzbier);4,8;;;
366;Wittekerke;Brouwerij Bavik - De Brabandere;Belgium;null (null);5;;;
367;Mestreechs Aajt;Gulpener Bierbrouwerij;Netherlands;null (null);3,5;;;
368;Yorkshire Terrier Premium Cask Bitter;York Brewery;England;null (null);4,2;;;
369;A, LeCoq Imperial Extra Double Stout 2000;Harvey & Son (Lewes);United Kingdom;North American Ale (American-Style Stout);9;;;
370;Genuine Irish Stout;Beamish & Crawford;Ireland;North American Ale (American-Style Stout);4,1;;;
371;Liefmans Kriekbier;Brouwerij Liefmans;Belgium;Belgian and French Ale (Belgian-Style Fruit Lambic);6;;;
372;Harvest Ale 2000;JW Lees and Co (Brewers) Ltd,;United Kingdom;British Ale (Old Ale);11,5;;;
373;Old Hooky;Hook Norton Brewery;United Kingdom;null (null);4,6;;;
374;Best Bitter;Hook Norton Brewery;United Kingdom;null (null);3,4;;;
375;Generation;Hook Norton Brewery;United Kingdom;null (null);4;;;
376;Prize Old Ale;George Gale & Company;United Kingdom;British Ale (Old Ale);9;;;
377;Meister Pilsener;Martini-Brauerei;Germany;null (null);5,1;;;
378;Weissbier Hell;Martini-Brauerei;Germany;German Ale (South German-Style Hefeweizen);5,2;;;
379;Luxus Pils;Htt-Brauerei Bettenhuser;Germany;null (null);4,9;;;
380;Porter;Browar Zywiec;Poland;North American Ale (American-Style Stout);9,5;;;
381;Old Tom Barley Wine;Frederic Robinson Ltd,;United Kingdom;null (null);8,5;;;
382;Hitachino Nest Sweet Stout;Kiuchi Shuzou Goushi Kaisya;Japan;North American Ale (American-Style Stout);3,5;;;
383;Urthel Hibernius Quentum Ale;De Leyerth Brouwerijen;Belgium;null (null);9;;;
384;Vintage Ale 1999;Fuller, Smith & Turner PBC;United Kingdom;British Ale (Old Ale);8,5;;;
385;Abbaye de Saint-Martin Blonde;Brasserie de Brunehaut;Belgium;Belgian and French Ale (Belgian-Style Pale Strong Ale);7;;;
386;Ertvelds Wit;Brouwerij Van Steenberge;Belgium;null (null);5;;;
387;Pilsener;Radeberger Exportbierbrauerei;Germany;German Lager (German-Style Pilsener);4,8;;;
388;Cinq Cents (White);Brasserie de l'Abbaye de Scourmont (Trappistes);Belgium;null (null);8;;;
389;Alt;Privatbrauerei Frankenheim;Germany;North American Ale (American-Style Brown Ale);4,8;;;
390;Reinaert Flemish Wild Ale;De Proef Brouwerij;Belgium;null (null);9;;;
391;Bak;Dreher Srgyrak Zrt,;Hungary;German Lager (Traditional German-Style Bock);7,3;;;
392;Lager;Binding Brauerei AG;Germany;null (null);4,5;;;
393;Premium Pils;Hasserder Brauerei;Germany;null (null);4,8;;;
394;Ratskeller;Gilde Brauerei;Germany;null (null);4,9;;;
395;Kapuziner Kristall-Weizen;Kulmbacher Brauerei AG;Germany;null (null);5,4;;;
396;MÃ¼nchner Hell / Premium Lager;Spaten-Franziskaner-BrÃ¤u;Germany;North American Lager (American-Style Lager);5,2;;;
397;Altbairisch Dunkel;Hofbruhaus Traunstein;Germany;null (null);5,5;;;
398;Export-Hell;Hofbruhaus Traunstein;Germany;null (null);5,3;;;
399;Kristall Weissbier;Bayerische Staatsbrauerei Weihenstephan;Germany;German Ale (South German-Style Hefeweizen);5,4;;;
400;Pilsener;Friesisches Brauhaus zu Jever;Germany;null (null);5;;;
401;Franziskaner Hefe-Weissbier Hell  / Franziskaner Club-Weiss;Spaten-Franziskaner-BrÃ¤u;Germany;German Ale (South German-Style Hefeweizen);5;;;
402;Alt;Brauerei Schumacher;Germany;North American Ale (American-Style Brown Ale);4,6;;;
403;Pilsener;Knig Brauerei;Germany;null (null);4,9;;;
404;Kellerbier;Schlobrauerei Reckendorf;Germany;null (null);5;;;
405;Edel-Pils;Schlobrauerei Reckendorf;Germany;null (null);4,8;;;
406;Braunbier;Klosterbru Bamberg;Germany;German Lager (German-Style Oktoberfest);5,7;;;
407;Bamberger Gold;Klosterbru Bamberg;Germany;null (null);5;;;
408;Bockbier;Klosterbru Bamberg;Germany;German Lager (Traditional German-Style Bock);7;;;
409;Weissbier;Keesmann Bru;Germany;German Ale (South German-Style Hefeweizen);4,8;;;
410;Bamberger Herren Pils;Keesmann Bru;Germany;null (null);4,6;;;
411;Pils;Maisel Bru;Germany;null (null);4,7;;;
412;Lagerbier;Brauerei Fssla;Germany;null (null);5,5;;;
413;Zwergla;Brauerei Fssla;Germany;null (null);6;;;
414;Gold-Pils;Brauerei Fssla;Germany;null (null);5,5;;;
415;Weizla Hell;Brauerei Fssla;Germany;German Ale (South German-Style Hefeweizen);5;;;
416;Eine Bamberger Weisse Hell;Maisel Bru;Germany;German Ale (South German-Style Hefeweizen);5,2;;;
417;Hell;Andechser Klosterbrauerei;Germany;null (null);4,8;;;
418;Original;Staatliches HofbrÃ¤uhaus in MÃ¼nchen;Germany;null (null);5,1;;;
419;Dunkel;LÃ¶wenbrÃ¤u Brauerei;Germany;null (null);5,5;;;
420;Schwarze Weisse;LÃ¶wenbrÃ¤u Brauerei;Germany;null (null);5,2;;;
421;Triumphator;LÃ¶wenbrÃ¤u Brauerei;Germany;German Lager (Traditional German-Style Bock);7,6;;;
422;Malheur 12;Brouwerij De Landtsheer;Belgium;null (null);12;;;
423;St, Edmund English Ale;Greene King;United Kingdom;null (null);5,5;;;
424;EKU Pils;Kulmbacher Brauerei AG;Germany;null (null);4,9;;;
425;Black Abbot / Schwarzer Abt;Klosterbrauerei Neuzelle;Germany;German Lager (German-Style Schwarzbier);3,9;;;
426;Harvest Ale 2001;JW Lees and Co (Brewers) Ltd,;United Kingdom;British Ale (Old Ale);11,5;;;
427;Chouffe-Bok;Brasserie D'Achouffe;Belgium;null (null);6,6;;;
428;Kelpie Seaweed Ale;Williams Brothers Brewing Company;United Kingdom;null (null);4,4;;;
429;Deep Shaft Stout;Freeminer Brewery;United Kingdom;North American Ale (American-Style Stout);6,2;;;
430;Het Kapittel Abt;Brouwerij Van Eecke;Belgium;null (null);10;;;
431;La Trappe Quadrupel 2000/2001;Bierbrouwerij De Koningshoeven;Netherlands;null (null);10;;;
432;Jahrhundert-Bier;Brauerei Aying Franz Inselkammer KG;Germany;null (null);5,5;;;
433;Norfolk Nog Old Dark Ale;Woodforde's Norfolk Ales;United Kingdom;British Ale (Old Ale);4,6;;;
434;Premium;Hansa Bryggeri;Norway;null (null);4,5;;;
435;Saison;Brasserie de Silly;Belgium;null (null);5,3;;;
436;Ur-Bock Hell;Einbecker Brauhaus AG;Germany;German Lager (Traditional German-Style Bock);6,5;;;
437;Malheur 10;Brouwerij De Landtsheer;Belgium;null (null);10;;;
438;Witbier;Limburg Beer Company;New Zealand;null (null);5;;;
439;Trafalgar IPA;Freeminer Brewery;United Kingdom;North American Ale (American-Style India Pale Ale);6;;;
440;Bear Ale;Traquair House Brewery;United Kingdom;null (null);5;;;
441;Grottenbier;Folx-les-Caves;Belgium;null (null);6,5;;;
442;Triple;Brouwerij St-Feuillien;Belgium;null (null);8,5;;;
443;Malheur Brut Reserve;Brouwerij De Landtsheer;Belgium;null (null);11;;;
444;Canadian Lager Beer;Moosehead Breweries;Canada;North American Lager (American-Style Lager);5;;;
445;1837;Unibroue;Canada;Belgian and French Ale (Other Belgian-Style Ales);7;;;
446;Red Biddy / Real Biddy;Biddy Early Brewery;Ireland;null (null);4,9;;;
447;Helles Hefe Weizen;Tucher Bru;Germany;German Ale (South German-Style Hefeweizen);5,3;;;
448;Lion Stout;Lion Brewery Ceylon Ltd,;Sri Lanka;North American Ale (American-Style Stout);8;;;
449;La Trappe Tripel;Bierbrouwerij De Koningshoeven;Netherlands;Belgian and French Ale (Belgian-Style Tripel);8;;;
450;Elephant;Carlsberg Bryggerierne;Denmark;German Lager (Traditional German-Style Bock);7,2;;;
451;Petrus Aged Pale;Brouwerij Bavik - De Brabandere;Belgium;null (null);7,3;;;
452;47 Bryg;Carlsberg Bryggerierne;Denmark;German Lager (Traditional German-Style Bock);7;;;
453;Raftman;Unibroue;Canada;North American Ale (American-Style Amber/Red Ale);5,5;;;
454;Belzebuth;Brasserie Grain D'Orge;France;North American Ale (Golden or Blonde Ale);13;;;
455;Porter;Saku lletehas;Estonia;North American Ale (American-Style Stout);7,8;;;
456;Taddy Porter;Samuel Smith Old Brewery (Tadcaster);United Kingdom;Irish Ale (Porter);5;;;
457;Mackeson XXX Stout;Whitbread Beer Company;United Kingdom;British Ale (Sweet Stout);4,9;;;
458;House Ale;Traquair House Brewery;United Kingdom;British Ale (Scotch Ale);7,2;;;
459;St, Andrews Ale;Belhaven Brewery;United Kingdom;null (null);4,6;;;
460;Scottish Ale;Belhaven Brewery;United Kingdom;British Ale (Scottish-Style Light Ale);3,9;;;
461;Harvest Ale 1998;JW Lees and Co (Brewers) Ltd,;United Kingdom;British Ale (Old Ale);11,5;;;
462;Harvest Ale 1999;JW Lees and Co (Brewers) Ltd,;United Kingdom;British Ale (Old Ale);11,5;;;
463;Vrak;Slottskllans Bryggeri;Sweden;null (null);5,4;;;
464;Harvest Ale 1997;JW Lees and Co (Brewers) Ltd,;United Kingdom;British Ale (Old Ale);11,5;;;
465;Old Peculier;T&R;United Kingdom;null (null);5,7;;;
466;Gueuze CuvÃ©e RenÃ©;Brouwerij Lindemans;Belgium;null (null);5;;;
467;La Quintine Blonde;Brasserie Ellezelloise;Belgium;null (null);8;;;
468;Conquest Ale;George Gale & Company;United Kingdom;British Ale (Old Ale);9;;;
469;Augustijn Ale;Brouwerij Van Steenberge;Belgium;null (null);8;;;
470;Grand Cru of the Emperor;Brouwerij Het Anker;Belgium;null (null);8;;;
471;Moinette Blonde;Brasserie Dupont;Belgium;null (null);8,5;;;
472;Schwarz Bier;Privat-Brauerei Schmucker Ober-Mossau KG;Germany;German Lager (German-Style Schwarzbier);4,8;;;
473;Hercule Stout;Brasserie Ellezelloise;Belgium;North American Ale (American-Style Stout);9;;;
474;Triple Karmeliet;Brouwerij Bosteels;Belgium;Belgian and French Ale (Belgian-Style Tripel);8;;;
475;Elizabethan Ale;Harvey & Son (Lewes);United Kingdom;null (null);8,1;;;
476;D, Carnegie and Company Porter;Pripps Ringnes Bryggerier;Sweden;North American Ale (American-Style Stout);5,5;;;
477;Pride of Romsey IPA;Hampshire Brewery;United Kingdom;North American Ale (American-Style India Pale Ale);5;;;
478;Thames Welsh Ale;Felinfoel Brewery Co Ltd;United Kingdom;null (null);6;;;
479;Red MacGregor;Orkney Brewery;United Kingdom;British Ale (Scotch Ale);5;;;
480;A, LeCoq Imperial Extra Double Stout 1999;Harvey & Son (Lewes);United Kingdom;North American Ale (American-Style Stout);9;;;
481;Kasteel Bier Brune;Brouwerij Van Honsebrouck;Belgium;null (null);11;;;
482;Old Nick;Youngs & Company Brewery;England;null (null);7,2;;;
483;Montagnarde;Brasserie De L'Abbaye Des Rocs;Belgium;null (null);9;;;
484;Blanche des Honnelles;Brasserie De L'Abbaye Des Rocs;Belgium;null (null);6;;;
485;Belgian Burgundy Ale;Brasserie De L'Abbaye Des Rocs;Belgium;null (null);9;;;
486;London Porter;Fuller, Smith & Turner PBC;United Kingdom;Irish Ale (Porter);5,4;;;
487;Dark Island;Orkney Brewery;United Kingdom;British Ale (Scottish-Style Light Ale);4,6;;;
488;Premium;Plzesk Prazdroj Pivovar Radegast;Czech Republic;null (null);5,1;;;
489;Brigand;Brouwerij Van Honsebrouck;Belgium;null (null);9;;;
490;Black Cat;Moorhouse's Brewery (Burnley);United Kingdom;British Ale (English-Style Pale Mild Ale);3,4;;;
491;Catfish Cream Ale;Agassiz Brewing;Canada;North American Lager (American-Style Lager);5;;;
492;Abbaye de Floreffe Double;Brasserie Lefebvre;Belgium;null (null);6,3;;;
493;Redback Original Malt Wheat Beer;Matilda Bay Brewing;Australia;null (null);4,7;;;
494;Premium Lager;Okanagan Spring Brewery;Canada;null (null);5;;;
495;India Pale Ale;Fuller, Smith & Turner PBC;United Kingdom;North American Ale (American-Style Pale Ale);4,8;;;
496;Refreshing Summer Ale;Fuller, Smith & Turner PBC;United Kingdom;null (null);3,9;;;
497;Hefeweissbier Dunkel;Bayerische Staatsbrauerei Weihenstephan;Germany;null (null);5,3;;;
498;Dunkles Hefe Weizen;Tucher Bru;Germany;null (null);5,3;;;
499;Kristall Weizen;Tucher Bru;Germany;null (null);5,3;;;
500;Double Enghien Bruin;Brasserie de Silly;Belgium;null (null);8;;;
501;Vlas Kop;Brouwerij Strubbe;Belgium;null (null);5,5;;;
502;Double Enghien Blonde Ale;Brasserie de Silly;Belgium;null (null);7,5;;;
503;Original Lager;Bayerische Staatsbrauerei Weihenstephan;Germany;null (null);5,1;;;
504;Korbinian;Bayerische Staatsbrauerei Weihenstephan;Germany;German Lager (Traditional German-Style Bock);7,4;;;
505;Porter;Utenos Alus;Lithuania;Irish Ale (Porter);6,8;;;
506;Sara Buckwheat Ale;Brasserie De Silenrieux;Belgium;null (null);6;;;
507;Samson Crystal Lager Beer;Budjovick Mansk Pivovar;Czech Republic;null (null);5;;;
508;Bornem Triple;Brouwerij Van Steenberge;Belgium;Belgian and French Ale (Other Belgian-Style Ales);9;;;
509;Bornem Double;Brouwerij Van Steenberge;Belgium;Belgian and French Ale (Other Belgian-Style Ales);8;;;
510;Bruegel Amber Ale;Brouwerij Van Steenberge;Belgium;North American Ale (American-Style Amber/Red Ale);5,2;;;
511;Original;Dortmunder Actien Brauerei  DAB;Germany;null (null);4,8;;;
512;London Pride;Fuller, Smith & Turner PBC;United Kingdom;null (null);4,7;;;
513;St-Ambroise Pale Ale;Brasserie McAuslan;Canada;null (null);5;;;
514;Jade;Brasserie Bnifontaine;France;null (null);4,5;;;
515;Lager Beer;Myanmar Brewery and Distillery;Myanmar;North American Lager (American-Style Lager);5;;;
516;Premium Pilsener;Brauerei Herrenhausen;Germany;null (null);4,9;;;
517;Lindener Spezial;Gilde Brauerei;Germany;null (null);5,1;;;
518;Pilsener;Gilde Brauerei;Germany;null (null);4,9;;;
519;Robertus;Bierbrouwerij St,Christoffel;Netherlands;North American Lager (American-Style Lager);6;;;
520;Columbus Pils;Stieglbrauerei zu Salzburg GmbH;Austria;German Lager (German-Style Pilsener);4,9;;;
521;Castelain Blond Biere de Garde;Brasserie Bnifontaine;France;null (null);5,6;;;
522;Bishops Finger Kentish Strong Ale;Shepherd Neame;United Kingdom;null (null);5,4;;;
523;Dragon Stout;Desnoes & Geddes Ltd;Jamaica;North American Ale (American-Style Stout);7,5;;;
524;Master Brew Bitter;Shepherd Neame;United Kingdom;null (null);4;;;
525;Victory Ale;George Bateman and Son Ltd,;United Kingdom;null (null);5,2;;;
526;Spitfire Premium Kentish Strong Ale;Shepherd Neame;United Kingdom;null (null);4,5;;;
527;Ramrod Special Bitter Ale;Youngs & Company Brewery;England;null (null);5;;;
528;Alt;Privatbrauerei Bolten;Germany;North American Ale (American-Style Brown Ale);4,9;;;
529;Original Lager;Kaiser-Bru;Germany;null (null);4,9;;;
530;Paddywhack IPA;Nelson Brewing;Canada;North American Ale (American-Style India Pale Ale);6,5;;;
531;Skullsplitter Ale;Orkney Brewery;United Kingdom;British Ale (Scotch Ale);8,5;;;
532;Fraoch Heather Ale;Williams Brothers Brewing Company;United Kingdom;null (null);5;;;
533;Atlas Lager;Cervecera Nacional;Panama;North American Lager (American-Style Lager);3,75;;;
534;Hefe Weissbier;Bayerische Staatsbrauerei Weihenstephan;Germany;German Ale (South German-Style Hefeweizen);5,4;;;
535;Kozel Premium;Pivovar Velk Popovice;Czech Republic;null (null);5;;;
536;Old Speckled Hen;Morland and Co,;United Kingdom;British Ale (Classic English-Style Pale Ale);5,2;;;
537;St, Louis Gueuze;Brouwerij Van Honsebrouck;Belgium;Belgian and French Ale (Belgian-Style Fruit Lambic);4,5;;;
538;Goudenband 1996;Brouwerij Liefmans;Belgium;null (null);3,98;;;
539;Blanche de Bruges;Brouwerij de Gouden Boom;Belgium;null (null);5;;;
540;Brockton Black Lager;Granville Island Brewing;Canada;German Lager (German-Style Schwarzbier);6,5;;;
541;Traditional Ale;Big Rock Brewery;Canada;North American Ale (American-Style Brown Ale);5;;;
542;Premium Lager;Gold Crown Brewing;Canada;North American Lager (American-Style Lager);5,3;;;
543;Kings Pilsener;Gold Crown Brewing;Canada;null (null);5;;;
544;Weisse Hefe-Weizen;Private Weissbierbrauerei G, Schneider & Sohn GmbH;Germany;German Ale (South German-Style Hefeweizen);5,4;;;
545;Saison 1900;Brasserie Lefebvre;Belgium;null (null);5,2;;;
546;Alt;Diebels Privatbrauerei;Germany;North American Ale (American-Style Brown Ale);4,9;;;
547;Buzzard Breath (discontinued);Big Rock Brewery;Canada;North American Ale (American-Style Pale Ale);5;;;
548;Grozet Gooseberry and Wheat Ale;Williams Brothers Brewing Company;United Kingdom;Other Style (Light American Wheat Ale or Lager);5;;;
549;East India Pale Ale;Tui Brewery;New Zealand;North American Ale (American-Style Pale Ale);4;;;
550;Jacobite Ale;Traquair House Brewery;United Kingdom;null (null);8;;;
551;Alba Scots Pine Ale;Williams Brothers Brewing Company;United Kingdom;null (null);7,5;;;
552;Scotch;Brasserie de Silly;Belgium;North American Ale (American-Style Pale Ale);8;;;
553;Affligem Dubbel;Affligem Brouwerij;Belgium;Belgian and French Ale (Belgian-Style Dubbel);6,8;;;
554;Mort Subite Gueuze Lambic;Brouwerij De Keersmaeker;Belgium;Belgian and French Ale (Belgian-Style Fruit Lambic);4,5;;;
555;Porteris;Aldaris;Latvia;German Lager (Traditional German-Style Bock);7;;;
556;Luksusa;Aldaris;Latvia;null (null);5,2;;;
557;Zelta;Aldaris;Latvia;null (null);5;;;
558;Storm Super Premium Malt Liquor;Lanchester Brewing;United Kingdom;North American Lager (American-Style Lager);10;;;
559;Falcon Lagrad Gammelbrygd;Carlsberg Sverige AB;Sweden;British Ale (Old Ale);5,6;;;
560;Romakloster;Vivungs Bryggeri;Sweden;null (null);4,5;;;
561;Red Jack;Molson Breweries of Canada;Canada;North American Ale (American-Style Amber/Red Ale);5;;;
562;Athenian;Athenian Brewery;Greece;null (null);5;;;
563;Hinano;Brasserie de Tahiti;French Polynesia;North American Lager (American-Style Lager);5;;;
564;Molson Canadian;Molson Breweries of Canada;Canada;North American Lager (American-Style Lager);5;;;
565;Labatt Blue;Labatt Ontario Breweries;Canada;North American Lager (American-Style Lager);4,7;;;
566;Labatt Ice;Labatt Ontario Breweries;Canada;North American Lager (American-Style Lager);5,6;;;
567;Labatt Blue Light;Labatt Ontario Breweries;Canada;North American Lager (American-Style Light Lager);4;;;
568;Labatt Bleue Dry;Labatt Ontario Breweries;Canada;German Lager (German-Style Pilsener);6,1;;;
569;Labatt Crystal;Labatt Ontario Breweries;Canada;North American Lager (American-Style Lager);5;;;
570;Labatt Extra Dry;Labatt Ontario Breweries;Canada;North American Lager (American-Style Lager);5,5;;;
571;Labatt 50;Labatt Ontario Breweries;Canada;North American Ale (American-Style Pale Ale);5;;;
572;Genuine Lager;Labatt Ontario Breweries;Canada;North American Lager (American-Style Lager);5;;;
573;Genuine Honey Lager;Labatt Ontario Breweries;Canada;North American Lager (American-Style Lager);5;;;
574;Labatt Wildcat;Labatt Ontario Breweries;Canada;North American Lager (American-Style Lager);4,9;;;
575;Labatt Sterling;Labatt Ontario Breweries;Canada;North American Lager (American-Style Light Lager);4;;;
576;Original White Ale;Brouwerij van Hoegaarden;Belgium;null (null);5;;;
577;10;Abbaye de Maredsous;Belgium;Belgian and French Ale (Belgian-Style Tripel);10;;;
578;8;Abbaye de Maredsous;Belgium;Belgian and French Ale (Belgian-Style Dubbel);8;;;
579;6;Abbaye de Maredsous;Belgium;North American Ale (Golden or Blonde Ale);6;;;
580;Harp Lager;Arthur Guinness & Son;Ireland;North American Lager (American-Style Lager);5;;;
581;Duchesse de Bourgogne;Brouwerij Verhaeghe;Belgium;null (null);6,2;;;
582;Nut Brown Ale;Samuel Smith Old Brewery (Tadcaster);United Kingdom;North American Ale (American-Style Brown Ale);5;;;
583;JuleÃ¸l;Aass Brewery;Norway;North American Ale (Dark American-Belgo-Style Ale);5,9;;;
584;Bock Beer;Aass Brewery;Norway;German Lager (Traditional German-Style Bock);5,9;;;
585;Genuine Pilsner;Aass Brewery;Norway;German Lager (German-Style Pilsener);5,5;;;
586;Gull Classic;Aass Brewery;Norway;North American Lager (American-Style Lager);5,5;;;
587;Broadside Ale;Adnams & Co,;United Kingdom;British Ale (Extra Special Bitter);6,3;;;
588;Adnams Explorer;Adnams & Co,;United Kingdom;British Ale (Ordinary Bitter);5,5;;;
589;Adnam's Suffolk Special Bitter;Adnams & Co,;United Kingdom;British Ale (Extra Special Bitter);4,5;;;
590;Nut Brown Ale;Adnams & Co,;United Kingdom;North American Ale (American-Style Brown Ale);3,2;;;
591;Adnams Fisherman;Adnams & Co,;United Kingdom;North American Ale (American-Style Amber/Red Ale);4,5;;;
592;Adnams Tally Ho;Adnams & Co,;United Kingdom;North American Ale (American-Style Barley Wine Ale);7,5;;;
593;Oude Geuze;3 Fonteinen Brouwerij Ambachtelijke Geuzestekerij;Belgium;Belgian and French Ale (Belgian-Style Fruit Lambic);6;;;
594;Stella Artois;Brouwerij Artois;Belgium;North American Lager (American-Style Lager);5,2;;;
595;11;Unibroue;Canada;North American Ale (American-Style Pale Ale);11;;;
596;Don De Dieu;Unibroue;Canada;Belgian and French Ale (Belgian-Style Tripel);9;;;
597;Maudite;Unibroue;Canada;Belgian and French Ale (Belgian-Style Dark Strong Ale);8;;;
598;Trois Pistoles;Unibroue;Canada;North American Ale (Dark American-Belgo-Style Ale);9;;;
599;Chimay PremiÃ¨re (Chimay Red);Chimay (Abbaye Notre Dame de Scourmont);Belgium;Belgian and French Ale (Belgian-Style Dubbel);7;;;
600;Chimay Triple (Chimay White);Chimay (Abbaye Notre Dame de Scourmont);Belgium;Belgian and French Ale (Belgian-Style Tripel);8;;;
601;Westmalle Trappist Dubbel;Brouwerij Abdij der Trappisten van Westmalle;Belgium;null (null);7;;;
602;Brune (Brown);Abbaye de Leffe;Belgium;null (null);6,8;;;
603;O'Hara's Celtic Stout;Carlow Brewing Company;Ireland;North American Ale (American-Style Stout);4,3;;;
604;Balashi;Brouwerij Nacional Balashi;Aruba;German Lager (German-Style Pilsener);5;;;
605;Aecht Schlenkerla Rauchbier Urbock;Heller Bru Trum;Germany;German Lager (Traditional German-Style Bock);6;;;
606;Grolsch Amber Ale;Grolsche Bierbrouwerij;Netherlands;German Ale (German-Style Brown Ale/Altbier);5,3;;;
607;Grolsch Premium Weizen;Grolsche Bierbrouwerij;Netherlands;Other Style (Light American Wheat Ale or Lager);5,5;;;
608;Grolsch Dunkel Weizen;Grolsche Bierbrouwerij;Netherlands;Other Style (Light American Wheat Ale or Lager);5,5;;;
609;Grolsch Pilsner Speciale;Grolsche Bierbrouwerij;Netherlands;German Lager (German-Style Pilsener);5,5;;;
610;Grolsch Premium Pilsner;Grolsche Bierbrouwerij;Netherlands;German Lager (German-Style Pilsener);5;;;
611;Sneck Lifter;Jennings Brewery;United Kingdom;North American Ale (Dark American-Belgo-Style Ale);5,1;;;
612;Chimay Grand Reserve(Chimay Blue);Chimay (Abbaye Notre Dame de Scourmont);Belgium;null (null);9;;;
613;La Trappe Enkel / La Trappe Blond;Bierbrouwerij De Koningshoeven;Netherlands;North American Ale (Golden or Blonde Ale);6,5;;;
614;La Trappe Dubbel;Bierbrouwerij De Koningshoeven;Netherlands;Belgian and French Ale (Belgian-Style Dubbel);6,5;;;
615;Rodenbach;Brouwerij Rodenbach;Belgium;null (null);5,1;;;
616;Grand Cru;Brouwerij Rodenbach;Belgium;null (null);6;;;
617;Leffe Blonde;Abbaye de Leffe;Belgium;North American Ale (Golden or Blonde Ale);6,6;;;
618;Newcastle Brown Ale;Scottish & Newcastle Breweries;United Kingdom;North American Ale (American-Style Brown Ale);4,7;;;
619;St-Ambroise Oatmeal Stout;Brasserie McAuslan;Canada;British Ale (Oatmeal Stout);5;;;
620;St-Ambroise Apricot Wheat Ale;Brasserie McAuslan;Canada;Other Style (Light American Wheat Ale or Lager);5;;;
621;Corona Extra;Grupo Modelo;Mexico;North American Lager (American-Style Lager);4,6;;;
622;Club Colombia;Bavaria;Colombia;null (null);4,7;;;
623;WaldschlÃ¶sschen Dunkel;Brauhaus am WaldschlÃ¶sschen;Germany;German Lager (German-Style Schwarzbier);5;;;
624;SchÃ¶fferhofer Hefeweizen Hell;SchÃ¶fferhofer;Germany;German Ale (South German-Style Hefeweizen);5;;;
625;Pils Legende;WernesgrÃ¼ner Brauerei;Germany;German Lager (German-Style Pilsener);4,9;;;
626;Cerveza Sol;Cervecera Cuauhtmoc-Moctezuma;Mexico;North American Lager (American-Style Lager);4,5;;;
627;Eisenbahn Weizenbock;Cervejaria Sudbrack;Brazil;German Ale (South German-Style Weizenbock);8;;;
628;Dreher Classic;Dreher Srgyrak Zrt,;Hungary;German Lager (German-Style Pilsener);5;;;
629;Soproni;Heineken HungÃ¡ria;Hungary;German Lager (German-Style Pilsener);5;;;
630;Borsodi;Borsodi SÃ¶rgyÃ¡r;Hungary;German Lager (German-Style Pilsener);5;;;
631;Celebrator;Brauerei Aying Franz Inselkammer KG;Germany;German Lager (German-Style Doppelbock);6,7;;;
632;Optimator;Spaten-Franziskaner-BrÃ¤u;Germany;German Lager (German-Style Doppelbock);7,2;;;
633;Pilsner Urquell;Plzesk Prazdroj;Czech Republic;German Lager (German-Style Pilsener);4,4;;;
634;Vetter 33;Vetterï¿½s Alt Heidelberger Brauhaus;Germany;null (null);10,5;;;
635;Duvel;Duvel Moortgat;Belgium;Belgian and French Ale (Other Belgian-Style Ales);8,5;;;
636;San Miguel 1516;San Miguel Corporation;Philippines;null (null);4,2;;;
637;Maredsous 10 Tripple;Brouwerij Duvel Moortgat;Belgium;Belgian and French Ale (Other Belgian-Style Ales);10;;;
638;Smithwick's;St, Francis Abbey Brewery;Ireland;Irish Ale (Irish-Style Red Ale);4,5;;;
639;Guinness Extra Stout;Arthur Guinness & Son;Ireland;North American Ale (American-Style Stout);5;;;
640;Heineken;Heineken International;Netherlands;North American Lager (American-Style Lager);5;;;
641;Duchy Originals Organic English Ale;Wychwood Brewery Company Ltd;United Kingdom;British Ale (Extra Special Bitter);5;;;
642;Skopsko;Pivara Skopje;Macedonia, the Former Yugoslav Republic of;North American Lager (American-Style Lager);5;;;
643;Steamwhistle Lager;Steam Whistle Brewery;Canada;North American Lager (American-Style Lager);5;;;
644;La Fin Du Monde;Unibroue;Canada;Belgian and French Ale (Belgian-Style Tripel);9;;;
645;Negra Modelo;Grupo Modelo;Mexico;North American Lager (American-Style Lager);6;;;
646;Birra Moretti La Rossa;Birra Moretti;Italy;German Lager (Traditional German-Style Bock);7,2;;;
647;Warsteiner Premium Verum;Warsteiner Brauerei;Germany;German Lager (German-Style Pilsener);4,8;;;
648;Warsteiner Premium Dunkel;Warsteiner Brauerei;Germany;null (null);4,8;;;
649;Caguama;CervecerÃ­a La Constancia;El Salvador;German Lager (German-Style Pilsener);3,9;;;
650;PacÃ­fico Clara;Grupo Modelo;Mexico;North American Lager (American-Style Lager);4,5;;;
651;Gulden Draak;Brouwerij Van Steenberge;Belgium;null (null);10,5;;;
652;Goldstar;Tempo;Israel;null (null);4,9;;;
653;stella;el ahram company;Egypt;null (null);4,5;;;
654;Kasteel Blonde;Van Honsebrouch;Belgium;North American Ale (Golden or Blonde Ale);11;;;
655;Breznak Dunkles/Dark;Breznak;Czech Republic;North American Ale (Dark American-Belgo-Style Ale);3,7;;;
656;Hobgoblin;Wychwood Brewery;United Kingdom;North American Ale (Dark American-Belgo-Style Ale);5,5;;;
657;Piraat 10,5%;Brouwerij Van Steenberge;Belgium;North American Ale (Golden or Blonde Ale);10,5;;;
658;SuperBock;Unicer;Portugal;German Lager (Traditional German-Style Bock);5;;;
659;BeckÂ´s;Beck's;Germany;German Lager (German-Style Pilsener);4,5;;;
660;Schlappeseppl Export;Eder & Heylands;Germany;North American Lager (American-Style Lager);5,5;;;
661;Bass Pale Ale;Bass Brewers;United Kingdom;British Ale (Classic English-Style Pale Ale);5;;;
662;Hoegaarden;Brouwerij van Hoegaarden;Belgium;Other Style (Light American Wheat Ale or Lager);4,9;;;
663;Double Chocolate Stout;Youngs & Company Brewery;England;British Ale (Sweet Stout);5,2;;;
664;Blitzen Christmas Ale;Steamworks;Canada;Other Style (Fruit Beer);8,5;;;
665;Blanche de Chambly;Unibroue;Canada;Belgian and French Ale (Belgian-Style White);5;;;
666;Ã‰phÃ©mÃ¨re Pomme;Unibroue;Canada;Belgian and French Ale (Belgian-Style White);5,5;;;
667;Seigneuriale;Unibroue;Canada;North American Ale (American-Style Amber/Red Ale);7,5;;;
668;Chambly Noire;Unibroue;Canada;North American Ale (Dark American-Belgo-Style Ale);6,2;;;
669;Salvator;Paulaner;Germany;German Lager (German-Style Doppelbock);7,9;;;
670;Paulaner Oktoberfest;Paulaner;Germany;German Lager (German-Style Oktoberfest);6;;;
671;Hefeweizen;Paulaner;Germany;German Ale (South German-Style Hefeweizen);5,5;;;
672;Guinness Draught;Arthur Guinness & Son;Ireland;North American Ale (American-Style Stout);4,3;;;
673;Delirium Tremens;Brouwerij Huyghe;Belgium;Belgian and French Ale (Belgian-Style Pale Strong Ale);8,5;;;
674;Delirium Nocturnum;Brouwerij Huyghe;Belgium;Belgian and French Ale (Belgian-Style Dark Strong Ale);9;;;
675;Strongbow Cider;Bulmer Cider;United Kingdom;Other Style (Fruit Beer);5,3;;;
676;Monk's Cafe;Brouwerij Van Steenberge;Belgium;null (null);5,5;;;
677;Erdinger Weizen;Privatbrauerei Erdinger Weissbru;Germany;Other Style (Light American Wheat Ale or Lager);5,3;;;
678;Franziskaner Hefe-Weissbier Dunkel;Spaten-Franziskaner-BrÃ¤u;Germany;null (null);5;;;
679;Amstel Light;Amstel Brouwerij;Netherlands;North American Lager (American-Style Light Lager);3,5;;;
680;Premium Beer;Bitburger Brauerei;Germany;German Lager (German-Style Pilsener);4,8;;;
681;Foster's Special Bitter;Foster's Australia Ltd,;Australia;British Ale (Ordinary Bitter);5,5;;;
682;Staropramen;Pivovary Staropramen;Czech Republic;German Lager (German-Style Pilsener);5;;;
683;Maisel's Weisse Kristall;Brauerei Gbr, Maisel KG;Germany;Belgian and French Ale (Belgian-Style White);5,1;;;
684;Schneider Weisse;Private Weissbierbrauerei G, Schneider & Sohn GmbH;Germany;Other Style (Light American Wheat Ale or Lager);5,4;;;
685;Organic Ale;Samuel Smith Old Brewery (Tadcaster);United Kingdom;North American Ale (Golden or Blonde Ale);5;;;
686;Hansa Imported Dortmunder;Dortmunder Actien Brauerei  DAB;Germany;North American Lager (American-Style Lager);4,8;;;
687;Kirin Ichiban;Kirin Brewery Company, Ltd;Japan;null (null);4,95;;;
688;Kirin Light;Kirin Brewery Company, Ltd;Japan;North American Lager (American-Style Light Lager);3,31;;;
689;Jupiler;InBev;Belgium;German Lager (German-Style Pilsener);5,2;;;
690;Trappist Westvleteren 12;Brouwerij Abdij Saint Sixtus;Belgium;Belgian and French Ale (Belgian-Style Quadrupel);11,2;;;
691;Trappist Westvleteren Blonde;Brouwerij Abdij Saint Sixtus;Belgium;Belgian and French Ale (Other Belgian-Style Ales);5,8;;;
692;St, Bernardus Witbier;Brouwerij St, Bernardus;Belgium;Belgian and French Ale (Belgian-Style White);5,5;;;
693;Petite Orval;Brasserie d'Orval;Belgium;Belgian and French Ale (Other Belgian-Style Ales);3,5;;;
694;Chimay DorÃ©e;Chimay (Abbaye Notre Dame de Scourmont);Belgium;Belgian and French Ale (Other Belgian-Style Ales);4,8;;;
695;Achel Blond 5Â°;Brouwerij der Sint-Benedictusabdij de Achelse Kluis;Belgium;Belgian and French Ale (Other Belgian-Style Ales);5;;;
696;Achel Bruin 5Â°;Brouwerij der Sint-Benedictusabdij de Achelse Kluis;Belgium;North American Ale (Dark American-Belgo-Style Ale);5;;;
697;Achel Blond 8Â°;Brouwerij der Sint-Benedictusabdij de Achelse Kluis;Belgium;Belgian and French Ale (Belgian-Style Tripel);8;;;
698;Achel Bruin 8Â°;Brouwerij der Sint-Benedictusabdij de Achelse Kluis;Belgium;Belgian and French Ale (Belgian-Style Dubbel);8;;;
699;Achel Trappist Extra;Brouwerij der Sint-Benedictusabdij de Achelse Kluis;Belgium;null (null);9,5;;;
700;Brugse Zot;De Halve Maan;Belgium;Belgian and French Ale (Other Belgian-Style Ales);6;;;
701;Brugse Zot Double;De Halve Maan;Belgium;Belgian and French Ale (Other Belgian-Style Ales);7;;;
702;Tongerlo Dubbel Bruin;Tongerlo;Belgium;Belgian and French Ale (Other Belgian-Style Ales);6;;;
703;Tongerlo Dubbel  Blond;Tongerlo;Belgium;Belgian and French Ale (Other Belgian-Style Ales);6;;;
704;Tongerlo Tripple;Tongerlo;Belgium;Belgian and French Ale (Belgian-Style Tripel);8;;;
705;Tongerlo Christmas;Tongerlo;Belgium;Belgian and French Ale (Other Belgian-Style Ales);6,5;;;
706;Black Albert;De Struise Brouwers;Belgium;North American Ale (American-Style Imperial Stout);13;;;
707;Samichlaus Bier 2006;Schloss Eggenberg;Austria;null (null);14;;;
708;Palm Speciale;Palm Breweries;Belgium;North American Ale (American-Style Amber/Red Ale);5,2;;;
709;Hite;Hite Brewery;Korea, Republic of;North American Lager (American-Style Lager);4,5;;;
710;OB Lager;Oriental Brewery;Korea, Republic of;North American Lager (American-Style Lager);4,4;;;
711;Noblesse;de dochter van de korenaar;Belgium;North American Ale (Golden or Blonde Ale);6;;;
712;Bravoure;de dochter van de korenaar;Belgium;null (null);7;;;
713;King Lager;Australian Brewing Corporation;Australia;North American Lager (American-Style Light Lager);5,2;;;
714;Carling;Molson Breweries of Canada;Canada;North American Lager (American-Style Lager);4,1;;;
715;Coopers Premium Lager;Coopers Brewery;Australia;North American Lager (American-Style Lager);5;;;
716;Coopers Sparkling Ale;Coopers Brewery;Australia;British Ale (Classic English-Style Pale Ale);5,8;;;
717;Coopers Original Pale Ale;Coopers Brewery;Australia;British Ale (Classic English-Style Pale Ale);4,5;;;
718;Coopers Mild Ale;Coopers Brewery;Australia;British Ale (English-Style Pale Mild Ale);3,5;;;
719;Coopers Best Extra Stout;Coopers Brewery;Australia;North American Ale (American-Style Stout);6,3;;;
720;Coopers Premium Light;Coopers Brewery;Australia;North American Lager (American-Style Light Lager);2,9;;;
721;Birell;Coopers Brewery;Australia;North American Lager (American-Style Light Lager);0,5;;;
722;Christoffel Blond;Bierbrouwerij St,Christoffel;Netherlands;North American Ale (Golden or Blonde Ale);6;;;
723;Tilburg's Dutch Brown Ale;Bierbrouwerij De Koningshoeven;Netherlands;Belgian and French Ale (Other Belgian-Style Ales);5;;;
724;Daas Organic Blond;Daas;Belgium;Belgian and French Ale (Other Belgian-Style Ales);6,5;;;
725;Daas Organic Witte;Daas;Belgium;Belgian and French Ale (Belgian-Style White);5;;;
726;NÃ¸gne Ã˜ Wit;NÃ¸gne Ã˜ - Det KompromisslÃ¸se Bryggeri A;Norway;Belgian and French Ale (Belgian-Style White);4,5;;;
727;NÃ¸gne Ã˜ Bitter;NÃ¸gne Ã˜ - Det KompromisslÃ¸se Bryggeri A;Norway;British Ale (Ordinary Bitter);4,5;;;
728;Havre Stout;NÃ¸gne Ã˜ - Det KompromisslÃ¸se Bryggeri A;Norway;British Ale (Oatmeal Stout);4,5;;;
729;NÃ¸gne Ã˜ Saison;NÃ¸gne Ã˜ - Det KompromisslÃ¸se Bryggeri A;Norway;Belgian and French Ale (French & Belgian-Style Saison);6,5;;;
730;NÃ¸gne Ã˜ Amber Ale;NÃ¸gne Ã˜ - Det KompromisslÃ¸se Bryggeri A;Norway;North American Ale (American-Style Amber/Red Ale);6;;;
731;NÃ¸gne Ã˜ Imperial Brown Ale;NÃ¸gne Ã˜ - Det KompromisslÃ¸se Bryggeri A;Norway;North American Ale (American-Style Brown Ale);7,5;;;
732;NÃ¸gne Ã˜ India Pale Ale;NÃ¸gne Ã˜ - Det KompromisslÃ¸se Bryggeri A;Norway;North American Ale (American-Style India Pale Ale);6,5;;;
733;NÃ¸gne Ã˜ #100;NÃ¸gne Ã˜ - Det KompromisslÃ¸se Bryggeri A;Norway;North American Ale (American-Style Barley Wine Ale);10;;;
734;Warsteiner Premium Oktoberfest;Warsteiner Brauerei;Germany;German Lager (German-Style Oktoberfest);5,9;;;
735;Wells Bombardier English Bitter;Wells and (&) Youngs Brewing Company Ltd,;United Kingdom;British Ale (Special Bitter or Best Bitter);5,2;;;
736;HofbrÃ¤u Oktoberfestbier;Staatliches HofbrÃ¤uhaus in MÃ¼nchen;Germany;German Lager (German-Style Oktoberfest);6,3;;;
737;Little Creatures Pilsner;Little Creatures Brewery;Australia;German Lager (German-Style Pilsener);4,6;;;
738;Phoenix;Phoenix Beverages Ltd;Mauritius;null (null);5;;;
739;Phuket Lager;Tropical Beverage (International) Co,, Ltd;Thailand;North American Lager (American-Style Lager);5;;;
740;Monteith's Summer Ale;Monteith's Brewing Co,;New Zealand;Other Style (Herb and Spice Beer);5;;;
741;Monteith's Celtic Beer;Monteith's Brewing Co,;New Zealand;Irish Ale (Irish-Style Red Ale);4,4;;;
742;Scharer's Lager;Scharer's Little Brewery;Australia;North American Lager (American-Style Lager);5;;;
743;Epic Pale Ale;Epic Brewing Company;New Zealand;North American Ale (American-Style Pale Ale);5,4;;;
744;Baltika 6 Porter;Pivzavod Baltika ;Russia;Irish Ale (Porter);7;;;
745;Estrella Damm;S,A, Damm;Spain;North American Lager (American-Style Lager);4,6;;;
746;Young's Winter Warmer;Wells and (&) Youngs Brewing Company Ltd,;United Kingdom;Other Style (Winter Warmer);5,2;;;
747;embrasse;de dochter van de korenaar;Belgium;Belgian and French Ale (Belgian-Style Dark Strong Ale);9;;;
748;Konig Ludwig Weissbier;Warsteiner Brauerei;Germany;German Ale (South German-Style Hefeweizen);5,5;;;
749;Foster's Premium Ale;Foster's Australia Ltd,;Australia;British Ale (Classic English-Style Pale Ale);5,5;;;
750;Haywords 5000;Sabmiller India,;India;North American Lager (American-Style Lager);7,5;;;
751;Border Gold Oranic Ale;Broughton Ales;United Kingdom;North American Ale (Golden or Blonde Ale);6;;;
752;Flensburger Pilsner;Flensburger Brauerei;Germany;German Lager (German-Style Pilsener);4,8;;;
753;CD-Pils;Dinkelacker-Schwaben Bru;Germany;German Lager (German-Style Pilsener);4,9;;;
754;Jever Pilsener;Jever Brewery;Germany;German Lager (German-Style Pilsener);4,9;;;
755;WernesgrÃ¼ner Pils Legende;WernesgrÃ¼ner Brauerei GmbH;Germany;German Lager (German-Style Pilsener);4,9;;;
756;Ginger Tom;Dux de Lux;New Zealand;Other Style (Herb and Spice Beer);4;;;
757;Hopfen Weisse;Private Weissbierbrauerei G, Schneider & Sohn GmbH;Germany;German Ale (South German-Style Hefeweizen);8,2;;;
758;Budweiser Budvar (Czechvar);Brewery Budweiser Budvar;Czech Republic;German Lager (German-Style Pilsener);5;;;
759;3 Monts;Brasserie De Saint Sylvestre;France;null (null);8,5;;;
760;Martin's Pale Ale;John Martin sa;Belgium;British Ale (Classic English-Style Pale Ale);5,8;;;
761;Head Trip;Brouwerij Van Steenberge;Belgium;Belgian and French Ale (Other Belgian-Style Ales);10,5;;;
762;Moosehead Lager;Moosehead Breweries;Canada;North American Lager (American-Style Lager);5;;;
763;Fuller's ESB;Fuller, Smith & Turner PBC;United Kingdom;British Ale (Extra Special Bitter);4,5;;;
764;Meantime Coffee;Meantime Brewing Company Limited;United Kingdom;Irish Ale (Porter);6;;;
765;Baltika #5;Pivzavod Baltika ;Russia;North American Lager (American-Style Lager);5,3;;;
766;Baltika #8;Pivzavod Baltika ;Russia;Other Style (Light American Wheat Ale or Lager);5;;;
767;Baltika #9;Pivzavod Baltika ;Russia;North American Lager (American-Style Lager);8;;;
768;Jacobsen Dark Lager;Carlsberg Bryggerierne;Denmark;null (null);5,8;;;
769;Vintage Ale 2008;Fuller, Smith & Turner PBC;United Kingdom;British Ale (Old Ale);8,5;;;
770;Tribute Premium Cornish Ale;St, Austell Brewery;United Kingdom;British Ale (Ordinary Bitter);4,2;;;
771;Proper Job;St, Austell Brewery;United Kingdom;British Ale (English-Style India Pale Ale);5,5;;;
772;HSD Hicks Special Draught;St, Austell Brewery;United Kingdom;British Ale (Ordinary Bitter);5;;;
773;Haywards 5000;Sabmiller India,;India;North American Lager (American-Style Lager);7,5;;;
774;Peroni Nastro Azzurro;Sabmiller India,;India;North American Lager (American-Style Lager);5,1;;;
775;Haywards Black;Sabmiller India,;India;North American Lager (American-Style Lager);8;;;
776;Foster's Lager Beer;Sabmiller India,;India;North American Lager (American-Style Lager);4,9;;;
777;Indus Pride;Sabmiller India,;India;null (null);4,8;;;
778;Royal Challenge;Sabmiller India,;India;North American Lager (American-Style Lager);5;;;
779;Knock Out;Sabmiller India,;India;North American Lager (American-Style Lager);8;;;
780;Haywards 2000;Sabmiller India,;India;North American Lager (American-Style Lager);7,5;;;
781;Stiegl GoldbrÃ¤u;Stieglbrauerei zu Salzburg GmbH;Austria;German Lager (German-Style Oktoberfest);4,9;;;
782;Stiegl Leicht;Stieglbrauerei zu Salzburg GmbH;Austria;North American Lager (American-Style Light Lager);3,3;;;
783;Paracelsus Zwickl;Stieglbrauerei zu Salzburg GmbH;Austria;null (null);5;;;
784;Ottakringer Helles;Ottakringer Brauerei AG;Austria;null (null);5,1;;;
785;Guinness 250th Anniversary Stout;Arthur Guinness & Son;Ireland;North American Ale (American-Style Stout);5;;;
786;Speight's Gold Medal Ale;New Zealand Breweries Limited;New Zealand;British Ale (Classic English-Style Pale Ale);4;;;
787;Hansa Pils;Dortmunder Actien Brauerei  DAB;Germany;German Lager (German-Style Pilsener);4,8;;;
788;Winter Welcome 2008-2009;Samuel Smith Old Brewery (Tadcaster);United Kingdom;Other Style (Winter Warmer);6;;;
789;Peroni;Sabmiller India,;India;North American Lager (American-Style Lager);5,1;;;
790;Drie Fonteinen Kriek;3 Fonteinen Brouwerij Ambachtelijke Geuzestekerij;Belgium;Belgian and French Ale (Belgian-Style Fruit Lambic);5;;;
791;NÃ¸gne Ã˜ Doppelt IPA;NÃ¸gne Ã˜ - Det KompromisslÃ¸se Bryggeri A;Norway;North American Ale (Imperial or Double India Pale Ale);8;;;
792;Imperial Premium Malt Pilsner;Lion Brewery Ceylon Ltd,;Sri Lanka;null (null);8,8;;;
793;Gouden Carolus Hopsinjoor;Brouwerij Het Anker;Belgium;Belgian and French Ale (Other Belgian-Style Ales);8;;;
794;Mythos Hellenic Lager;Mythos Breweries S,A,;Greece;null (null);5;;;
795;Abbaye de Saint-Martin Brune;Brasserie de Brunehaut;Belgium;Belgian and French Ale (Belgian-Style Dark Strong Ale);8;;;
796;Abbaye de Saint-Martin Triple;Brasserie de Brunehaut;Belgium;Belgian and French Ale (Other Belgian-Style Ales);9;;;
797;Brasserie de Brunehaut Bio BiÃ¨re Blanche (Organic);Brasserie de Brunehaut;Belgium;Belgian and French Ale (Belgian-Style White);5;;;
798;Brasserie De Brunehaut Bio BiÃ¨re Blonde (Organic);Brasserie de Brunehaut;Belgium;Belgian and French Ale (Other Belgian-Style Ales);6,5;;;
799;Brasserie de Brunehaut Bio BiÃ¨re AmbrÃ©e (Organic);Brasserie de Brunehaut;Belgium;North American Ale (American-Style Amber/Red Ale);6,5;;;
800;Abbaye de Saint-Martin CuvÃ©e de Noel;Brasserie de Brunehaut;Belgium;null (null);8,5;;;
801;Mont St, Aubert;Brasserie de Brunehaut;Belgium;null (null);8;;;
802;Abbaye de St Amand;Brasserie de Brunehaut;Belgium;Belgian and French Ale (Other Belgian-Style Ales);7;;;
803;Tournay Black;Brasserie de Cazeau;Belgium;Belgian and French Ale (Belgian-Style Dark Strong Ale);7,6;;;
804;Cucapa Honey Ale;Cucapa Brewing Company;Mexico;North American Ale (American-Style Amber/Red Ale);4,5;;;
805;Punk IPA;BrewDog Ltd;United Kingdom;North American Ale (American-Style India Pale Ale);6;;;
806;Rip Tide;BrewDog Ltd;United Kingdom;North American Ale (American-Style Imperial Stout);8;;;
807;Paradox Speyside;BrewDog Ltd;United Kingdom;North American Ale (American-Style Imperial Stout);10;;;
808;The Physics;BrewDog Ltd;United Kingdom;British Ale (Extra Special Bitter);5;;;
809;Hop Rocker;BrewDog Ltd;United Kingdom;North American Lager (American-Style Lager);5,5;;;
810;Hardcore IPA;BrewDog Ltd;United Kingdom;North American Ale (Imperial or Double India Pale Ale);9;;;
811;Trashy Blonde;BrewDog Ltd;United Kingdom;British Ale (Special Bitter or Best Bitter);4,1;;;
812;77 Lager;BrewDog Ltd;United Kingdom;German Lager (German-Style Pilsener);4,9;;;
813;Dogma;BrewDog Ltd;United Kingdom;Other Style (Herb and Spice Beer);7,8;;;
814;Tokyo;BrewDog Ltd;United Kingdom;North American Ale (American-Style Imperial Stout);12;;;
815;Tokyo*;BrewDog Ltd;United Kingdom;North American Ale (American-Style Imperial Stout);18,2;;;
816;Tactical Nuclear Penguin;BrewDog Ltd;United Kingdom;North American Ale (American-Style Imperial Stout);32;;;
817;Vigneronne;Brasserie-Brouwerij Cantillon;Belgium;Belgian and French Ale (Belgian-Style Fruit Lambic);5;;;
818;Legbiter Ale;Strangford Lough Brewing Company Ltd;Ireland;British Ale (Classic English-Style Pale Ale);4,7;;;
819;St, Patrick's Best;Strangford Lough Brewing Company Ltd;Ireland;British Ale (Ordinary Bitter);4,2;;;
820;Barelegs Brew;Strangford Lough Brewing Company Ltd;Ireland;British Ale (Classic English-Style Pale Ale);4,5;;;
821;St, Patrick's Gold;Strangford Lough Brewing Company Ltd;Ireland;Other Style (Light American Wheat Ale or Lager);4,8;;;
822;St Patrick's Ale;Strangford Lough Brewing Company Ltd;Ireland;British Ale (Classic English-Style Pale Ale);6;;;
823;Simcoe Single Hop IPA;Mikkeller;Denmark;North American Ale (American-Style India Pale Ale);6,9;;;
824;Hitachino Nest XH;Kiuchi Shuzou Goushi Kaisya;Japan;North American Ale (American-Style Strong Pale Ale);8;;;
825;Ise Kadoya Stout;Nikenjayamochi Kadoya Honten Co,;Japan;North American Ale (American-Style Stout);5;;;
826;Wells Banana Bread Beer;Wells and (&) Youngs Brewing Company Ltd,;United Kingdom;Other Style (Fruit Beer);5,2;;;
827;Little Scrapper IPA;Half Pints Brewing Company;Canada;North American Ale (American-Style India Pale Ale);6;;;
828;Foreign Extra Stout;Arthur Guinness & Son;Ireland;Irish Ale (Foreign  (Export)-Style Stout);7,5;;;
829;Triple;Brasserie Artisanale de Rulles;Belgium;Belgian and French Ale (Belgian-Style Tripel);8,4;;;
830;Corona Light;Grupo Modelo;Mexico;North American Lager (American-Style Light Lager);4,1;;;
831;Kingfisher Premium;United Breweries Limited;India;North American Lager (American-Style Light Lager);4,8;;;
832;Baltika 6;Baltika Breweries;Russia;Other Lager (Baltic-Style Porter);7;;;
833;Guinness Draught;Arthur Guinness & Son;Ireland;Irish Ale (Classic Irish-Style Dry Stout);4,3;;;
834;Finest Bitter;Cains;United Kingdom;British Ale (Ordinary Bitter);4;;;
835;FA;Cains;United Kingdom;British Ale (Special Bitter or Best Bitter);4,8;;;
836;IPA;Cains;United Kingdom;British Ale (English-Style India Pale Ale);3,5;;;
837;Dark Mild;Cains;United Kingdom;British Ale (English-Style Dark Mild Ale);3,2;;;
838;2008 Culture Beer;Cains;United Kingdom;British Ale (Ordinary Bitter);5;;;
839;Estrella Levante Clasica;S,A, Damm;Spain;Other Lager (Baltic-Style Porter);4,8;;;
840;Estrella Levante Especial;S,A, Damm;Spain;Other Lager (Baltic-Style Porter);5,4;;;
841;Estrella Levante Sin 0,0% Alcohol;S,A, Damm;Spain;Other Lager (Baltic-Style Porter);1;;;
842;Koshihikari Echigo Beer;Uehara Shuzou Co, Ltd, ;Japan;Other Style (Out of Category);5;;;
